equipment,header_1,header_2,header_3,equipment_model,product_url
Boom Lifts,Articulating,Electric & Hybrid,E300 Series,E300AJP,https://www.jlg.com/en/equipment/boom-lifts/articulating/electric-hybrid/e300-series/e300ajp
Boom Lifts,Articulating,Electric & Hybrid,E400 Series,E400AJPN,https://www.jlg.com/en/equipment/boom-lifts/articulating/electric-hybrid/e400-series/e400ajpn
Boom Lifts,Articulating,Electric & Hybrid,E400 Series,E400AN,https://www.jlg.com/en/equipment/boom-lifts/articulating/electric-hybrid/e400-series/e400an
Boom Lifts,Articulating,Electric & Hybrid,E450 Series,E450AJ,https://www.jlg.com/en/equipment/boom-lifts/articulating/electric-hybrid/e450-series/e450aj
Boom Lifts,Articulating,Engine Powered,450 Series,450AJ,https://www.jlg.com/en/equipment/boom-lifts/articulating/engine-powered/450-series/450aj
Boom Lifts,Articulating,Engine Powered,450 Series,450AJ HC3,https://www.jlg.com/en/equipment/boom-lifts/articulating/engine-powered/450-series/450aj-hc3
Boom Lifts,Articulating,Engine Powered,600 Series,600AJ,https://www.jlg.com/en/equipment/boom-lifts/articulating/engine-powered/600-series/600aj
Boom Lifts,Articulating,Engine Powered,600 Series,600AJ HC3,https://www.jlg.com/en/equipment/boom-lifts/articulating/engine-powered/600-series/600aj-hc3
Boom Lifts,Articulating,Engine Powered,800 Series,800AJ,https://www.jlg.com/en/equipment/boom-lifts/articulating/engine-powered/800-series/800aj
Boom Lifts,Articulating,Engine Powered,800 Series,800AJ HC3,https://www.jlg.com/en/equipment/boom-lifts/articulating/engine-powered/800-series/800aj-hc3
Boom Lifts,Articulating,Engine Powered,Ultra Series,1250AJP,https://www.jlg.com/en/equipment/boom-lifts/articulating/engine-powered/ultra-series/1250ajp
Boom Lifts,Articulating,Engine Powered,Ultra Series,1500AJP,https://www.jlg.com/en/equipment/boom-lifts/articulating/engine-powered/ultra-series/1500ajp
Boom Lifts,Telescopic,Electric & Hybrid,EC600 and H600 Series,EC600SJ,https://www.jlg.com/en/equipment/boom-lifts/telescopic/electric-hybrid/ec600-and-h600-series/ec600sj
Boom Lifts,Telescopic,Electric & Hybrid,EC600 and H600 Series,EC600SJP,https://www.jlg.com/en/equipment/boom-lifts/telescopic/electric-hybrid/ec600-and-h600-series/ec600sjp
Boom Lifts,Telescopic,Electric & Hybrid,EC600 and H600 Series,H600SJ,https://www.jlg.com/en/equipment/boom-lifts/telescopic/electric-hybrid/ec600-and-h600-series/h600sj
Boom Lifts,Telescopic,Electric & Hybrid,EC600 and H600 Series,H600SJP,https://www.jlg.com/en/equipment/boom-lifts/telescopic/electric-hybrid/ec600-and-h600-series/h600sjp
Boom Lifts,Telescopic,Engine Powered,400 Crawler Series,460SJC,https://www.jlg.com/en/equipment/boom-lifts/telescopic/engine-powered/400-crawler-series/460sjc
Boom Lifts,Telescopic,Engine Powered,400 Series,400S,https://www.jlg.com/en/equipment/boom-lifts/telescopic/engine-powered/400-series/400s
Boom Lifts,Telescopic,Engine Powered,400 Series,400S HC3,https://www.jlg.com/en/equipment/boom-lifts/telescopic/engine-powered/400-series/400s-hc3
Boom Lifts,Telescopic,Engine Powered,400 Series,460SJ,https://www.jlg.com/en/equipment/boom-lifts/telescopic/engine-powered/400-series/460sj
Boom Lifts,Telescopic,Engine Powered,400 Series,460SJ HC3,https://www.jlg.com/en/equipment/boom-lifts/telescopic/engine-powered/400-series/460sj-hc3
Boom Lifts,Telescopic,Engine Powered,600 Crawler Series,660SJC,https://www.jlg.com/en/equipment/boom-lifts/telescopic/engine-powered/600-crawler-series/660sjc
Boom Lifts,Telescopic,Engine Powered,600 Series,600S,https://www.jlg.com/en/equipment/boom-lifts/telescopic/engine-powered/600-series/600s
Boom Lifts,Telescopic,Engine Powered,600 Series,600S HC3,https://www.jlg.com/en/equipment/boom-lifts/telescopic/engine-powered/600-series/600s-hc3
Boom Lifts,Telescopic,Engine Powered,600 Series,660SJ,https://www.jlg.com/en/equipment/boom-lifts/telescopic/engine-powered/600-series/660sj
Boom Lifts,Telescopic,Engine Powered,600 Series,660SJ HC3,https://www.jlg.com/en/equipment/boom-lifts/telescopic/engine-powered/600-series/660sj-hc3
Boom Lifts,Telescopic,Engine Powered,600 Self-Leveling Series,670SJ,https://www.jlg.com/en/equipment/boom-lifts/telescopic/engine-powered/600-self-leveling-series/670sj
Boom Lifts,Telescopic,Engine Powered,800 Series,800S,https://www.jlg.com/en/equipment/boom-lifts/telescopic/engine-powered/800-series/800s
Boom Lifts,Telescopic,Engine Powered,800 Series,800S HC3,https://www.jlg.com/en/equipment/boom-lifts/telescopic/engine-powered/800-series/800s-hc3
Boom Lifts,Telescopic,Engine Powered,800 Series,860SJ,https://www.jlg.com/en/equipment/boom-lifts/telescopic/engine-powered/800-series/860sj
Boom Lifts,Telescopic,Engine Powered,800 Series,860SJ HC3,https://www.jlg.com/en/equipment/boom-lifts/telescopic/engine-powered/800-series/860sj-hc3
Boom Lifts,Telescopic,Engine Powered,Ultra Series,1200SJP,https://www.jlg.com/en/equipment/boom-lifts/telescopic/engine-powered/ultra-series/1200sjp
Boom Lifts,Telescopic,Engine Powered,Ultra Series,1350SJP,https://www.jlg.com/en/equipment/boom-lifts/telescopic/engine-powered/ultra-series/1350sjp
Boom Lifts,Telescopic,Engine Powered,Ultra Series,1500SJ,https://www.jlg.com/en/equipment/boom-lifts/telescopic/engine-powered/ultra-series/1500sj
Boom Lifts,Telescopic,Engine Powered,Ultra Series,1850SJ,https://www.jlg.com/en/equipment/boom-lifts/telescopic/engine-powered/ultra-series/1850sj
Boom Lifts,Compact Crawlers,,,X430AJ,https://www.jlg.com/en/equipment/boom-lifts/compact-crawlers/articulating/x430aj
Boom Lifts,Compact Crawlers,,,X500AJ,https://www.jlg.com/en/equipment/boom-lifts/compact-crawlers/articulating/x500aj
Boom Lifts,Compact Crawlers,,,X540AJ,https://www.jlg.com/en/equipment/boom-lifts/compact-crawlers/articulating/x540aj
Boom Lifts,Compact Crawlers,,,X600AJ,https://www.jlg.com/en/equipment/boom-lifts/compact-crawlers/articulating/x600aj
Boom Lifts,Compact Crawlers,,,X770AJ,https://www.jlg.com/en/equipment/boom-lifts/compact-crawlers/articulating/x770aj
Boom Lifts,Compact Crawlers,,,X1000AJ,https://www.jlg.com/en/equipment/boom-lifts/compact-crawlers/articulating/x1000aj
Boom Lifts,Compact Crawlers,,,X660SJ,https://www.jlg.com/en/equipment/boom-lifts/compact-crawlers/telescopic/x660sj
Boom Lifts,Toucan Mast Lift,,,20E,https://www.jlg.com/en/equipment/boom-lifts/toucan-mast-lifts/20e
Boom Lifts,Toucan Mast Lift,,,26E,https://www.jlg.com/en/equipment/boom-lifts/toucan-mast-lifts/26e
Boom Lifts,Toucan Mast Lift,,,32E,https://www.jlg.com/en/equipment/boom-lifts/toucan-mast-lifts/32e
Boom Lifts,Towable,,,T350,https://www.jlg.com/en/equipment/boom-lifts/towable/tow-pro/t350
Boom Lifts,Towable,,,ET350,https://www.jlg.com/en/equipment/boom-lifts/towable/tow-pro/et350
Boom Lifts,Towable,,,T500J,https://www.jlg.com/en/equipment/boom-lifts/towable/tow-pro/t500j
Boom Lifts,Towable,,,ET500J,https://www.jlg.com/en/equipment/boom-lifts/towable/tow-pro/et500j
Scissor Lifts,Davinci All Electric Series,,,AE1932,https://www.jlg.com/en/equipment/scissor-lifts/ae-davinci-series/ae1932
Scissor Lifts,ERT Series,,,ERT2669,https://www.jlg.com/en/equipment/scissor-lifts/ert-series/ert2669
Scissor Lifts,ERT Series,,,ERT3369,https://www.jlg.com/en/equipment/scissor-lifts/ert-series/ert3369
Scissor Lifts,ERT Series,,,ERT4069,https://www.jlg.com/en/equipment/scissor-lifts/ert-series/ert4069
Scissor Lifts,ERT Series,,,ERT4769,https://www.jlg.com/en/equipment/scissor-lifts/ert-series/ert4769
Scissor Lifts,Micro-Sized Series,,,ES1330M,https://www.jlg.com/en/equipment/scissor-lifts/micro-sized-series/es1330m
Scissor Lifts,Micro-Sized Series,,,ES1530M,https://www.jlg.com/en/equipment/scissor-lifts/micro-sized-series/es1530m
Scissor Lifts,Micro-Sized Series,,,ES1930M,https://www.jlg.com/en/equipment/scissor-lifts/micro-sized-series/es1930m
Scissor Lifts,Micro-Sized Series,,,ES2632M,https://www.jlg.com/en/equipment/scissor-lifts/micro-sized-series/es2632m
Scissor Lifts,ES Series,,,ES1932,https://www.jlg.com/en/equipment/scissor-lifts/es-series/es1932
Scissor Lifts,ES Series,,,ES2632,https://www.jlg.com/en/equipment/scissor-lifts/es-series/es2632
Scissor Lifts,ES Series,,,ES2646,https://www.jlg.com/en/equipment/scissor-lifts/es-series/es2646
Scissor Lifts,ES Series,,,ES3246,https://www.jlg.com/en/equipment/scissor-lifts/es-series/es3246
Scissor Lifts,ES Series,,,ES4046,https://www.jlg.com/en/equipment/scissor-lifts/es-series/es4046
Scissor Lifts,RT Series,,,RT2669,https://www.jlg.com/en/equipment/scissor-lifts/rt-series/rt2669
Scissor Lifts,RT Series,,,RT3369,https://www.jlg.com/en/equipment/scissor-lifts/rt-series/rt3369
Scissor Lifts,RT Series,,,RT3394,https://www.jlg.com/en/equipment/scissor-lifts/rt-series/rt3394
Scissor Lifts,RT Series,,,RT4069,https://www.jlg.com/en/equipment/scissor-lifts/rt-series/rt4069
Scissor Lifts,RT Series,,,RT4394,https://www.jlg.com/en/equipment/scissor-lifts/rt-series/rt4394
Scissor Lifts,RT Series,,,RT4769,https://www.jlg.com/en/equipment/scissor-lifts/rt-series/rt4769
Scissor Lifts,RT Series,,,RT5394,https://www.jlg.com/en/equipment/scissor-lifts/rt-series/rt5394
Telehandlers,JLG Rotating Telehandlers,,,R1370,https://www.jlg.com/en/equipment/telehandlers/rotating/r1370
Telehandlers,JLG Rotating Telehandlers,,,R1385,https://www.jlg.com/en/equipment/telehandlers/rotating/r1385
Telehandlers,JLG Rotating Telehandlers,,,R13100,https://www.jlg.com/en/equipment/telehandlers/rotating/r13100
Telehandlers,JLG Telehandlers,,,313,https://www.jlg.com/en/equipment/telehandlers/jlg/313
Telehandlers,JLG Telehandlers,,,E313,https://www.jlg.com/en/equipment/telehandlers/jlg/e313
Telehandlers,JLG Telehandlers,,,519,https://www.jlg.com/en/equipment/telehandlers/jlg/519
Telehandlers,JLG Telehandlers,,,742,https://www.jlg.com/en/equipment/telehandlers/jlg/742
Telehandlers,JLG Telehandlers,,,943,https://www.jlg.com/en/equipment/telehandlers/jlg/943
Telehandlers,JLG Telehandlers,,,1043,https://www.jlg.com/en/equipment/telehandlers/jlg/1043
Telehandlers,JLG Telehandlers,,,1055,https://www.jlg.com/en/equipment/telehandlers/jlg/1055
Telehandlers,JLG Telehandlers,,,1075,https://www.jlg.com/en/equipment/telehandlers/jlg/1075
Telehandlers,JLG Telehandlers,,,1255,https://www.jlg.com/en/equipment/telehandlers/jlg/1255
Telehandlers,JLG Telehandlers,,,1644,https://www.jlg.com/en/equipment/telehandlers/jlg/1644
Telehandlers,JLG Telehandlers,,,1732,https://www.jlg.com/en/equipment/telehandlers/jlg/1732
Telehandlers,JLG Telehandlers,,,2733,https://www.jlg.com/en/equipment/telehandlers/jlg/2733
Telehandlers,SkyTrak Telehandlers,,,3013,https://www.jlg.com/en/equipment/telehandlers/skytrak/3013
Telehandlers,SkyTrak Telehandlers,,,6034,https://www.jlg.com/en/equipment/telehandlers/skytrak/6034
Telehandlers,SkyTrak Telehandlers,,,6042,https://www.jlg.com/en/equipment/telehandlers/skytrak/6042
Telehandlers,SkyTrak Telehandlers,,,8042,https://www.jlg.com/en/equipment/telehandlers/skytrak/8042
Telehandlers,SkyTrak Telehandlers,,,10042,https://www.jlg.com/en/equipment/telehandlers/skytrak/10042
Telehandlers,SkyTrak Telehandlers,,,10054,https://www.jlg.com/en/equipment/telehandlers/skytrak/10054
Telehandlers,SkyTrak Telehandlers,,,12054,https://www.jlg.com/en/equipment/telehandlers/skytrak/12054
Low Level Access,Non-Powered EcoLifts,,,EcoLift 50,https://www.jlg.com/en/equipment/low-level-access/non-powered-ecolifts/ecolift50
Low Level Access,Non-Powered EcoLifts,,,EcoLift 70,https://www.jlg.com/en/equipment/low-level-access/non-powered-ecolifts/ecolift70
Low Level Access,Push-Around Lifts,,,830P,https://www.jlg.com/en/equipment/low-level-access/push-around-lifts/830p
Low Level Access,Push-Around Lifts,,,1030P,https://www.jlg.com/en/equipment/low-level-access/push-around-lifts/1030p
Low Level Access,Push-Around Lifts,,,1230P,https://www.jlg.com/en/equipment/low-level-access/push-around-lifts/1230p
Vertical Lifts,Driveable Vertical Mast Lifts,,,E18MCL,https://www.jlg.com/en/equipment/vertical-lifts/driveable-vertical-mast-lifts/e18mcl
Vertical Lifts,Driveable Vertical Mast Lifts,,,E18MML,https://www.jlg.com/en/equipment/vertical-lifts/driveable-vertical-mast-lifts/e18mml
Vertical Lifts,Driveable Vertical Mast Lifts,,,ES1230,https://www.jlg.com/en/equipment/vertical-lifts/driveable-vertical-mast-lifts/es1230
Stock Pickers,Driveable Stock Pickers,,,10MSP,https://www.jlg.com/en/equipment/stock-pickers/driveable-stock-pickers/10msp
Boom Lifts,Articulating,Electric & Hybrid,E300 Series,E300AJP,https://www.jlg.com/en/equipment/boom-lifts/articulating/electric-hybrid/e300-series/e300ajp
Boom Lifts,Articulating,Electric & Hybrid,E400 Series,E400AJPN,https://www.jlg.com/en/equipment/boom-lifts/articulating/electric-hybrid/e400-series/e400ajpn
Boom Lifts,Articulating,Electric & Hybrid,E400 Series,E400AN,https://www.jlg.com/en/equipment/boom-lifts/articulating/electric-hybrid/e400-series/e400an
Boom Lifts,Articulating,Electric & Hybrid,E450 Series,E450AJ,https://www.jlg.com/en/equipment/boom-lifts/articulating/electric-hybrid/e450-series/e450aj
Boom Lifts,Articulating,Engine Powered,450 Series,450AJ,https://www.jlg.com/en/equipment/boom-lifts/articulating/engine-powered/450-series/450aj
Boom Lifts,Articulating,Engine Powered,450 Series,450AJ HC3,https://www.jlg.com/en/equipment/boom-lifts/articulating/engine-powered/450-series/450aj-hc3
Boom Lifts,Articulating,Engine Powered,600 Series,600AJ,https://www.jlg.com/en/equipment/boom-lifts/articulating/engine-powered/600-series/600aj
Boom Lifts,Articulating,Engine Powered,600 Series,600AJ HC3,https://www.jlg.com/en/equipment/boom-lifts/articulating/engine-powered/600-series/600aj-hc3
Boom Lifts,Articulating,Engine Powered,800 Series,800AJ,https://www.jlg.com/en/equipment/boom-lifts/articulating/engine-powered/800-series/800aj
Boom Lifts,Articulating,Engine Powered,800 Series,800AJ HC3,https://www.jlg.com/en/equipment/boom-lifts/articulating/engine-powered/800-series/800aj-hc3
Boom Lifts,Articulating,Engine Powered,Ultra Series,1250AJP,https://www.jlg.com/en/equipment/boom-lifts/articulating/engine-powered/ultra-series/1250ajp
Boom Lifts,Articulating,Engine Powered,Ultra Series,1500AJP,https://www.jlg.com/en/equipment/boom-lifts/articulating/engine-powered/ultra-series/1500ajp
Boom Lifts,Telescopic,Electric & Hybrid,EC600 and H600 Series,EC600SJ,https://www.jlg.com/en/equipment/boom-lifts/telescopic/electric-hybrid/ec600-and-h600-series/ec600sj
Boom Lifts,Telescopic,Electric & Hybrid,EC600 and H600 Series,EC600SJP,https://www.jlg.com/en/equipment/boom-lifts/telescopic/electric-hybrid/ec600-and-h600-series/ec600sjp
Boom Lifts,Telescopic,Electric & Hybrid,EC600 and H600 Series,H600SJ,https://www.jlg.com/en/equipment/boom-lifts/telescopic/electric-hybrid/ec600-and-h600-series/h600sj
Boom Lifts,Telescopic,Electric & Hybrid,EC600 and H600 Series,H600SJP,https://www.jlg.com/en/equipment/boom-lifts/telescopic/electric-hybrid/ec600-and-h600-series/h600sjp
Boom Lifts,Telescopic,Engine Powered,400 Crawler Series,460SJC,https://www.jlg.com/en/equipment/boom-lifts/telescopic/engine-powered/400-crawler-series/460sjc
Boom Lifts,Telescopic,Engine Powered,400 Series,400S,https://www.jlg.com/en/equipment/boom-lifts/telescopic/engine-powered/400-series/400s
Boom Lifts,Telescopic,Engine Powered,400 Series,400S HC3,https://www.jlg.com/en/equipment/boom-lifts/telescopic/engine-powered/400-series/400s-hc3
Boom Lifts,Telescopic,Engine Powered,400 Series,460SJ,https://www.jlg.com/en/equipment/boom-lifts/telescopic/engine-powered/400-series/460sj
Boom Lifts,Telescopic,Engine Powered,400 Series,460SJ HC3,https://www.jlg.com/en/equipment/boom-lifts/telescopic/engine-powered/400-series/460sj-hc3
Boom Lifts,Telescopic,Engine Powered,600 Crawler Series,660SJC,https://www.jlg.com/en/equipment/boom-lifts/telescopic/engine-powered/600-crawler-series/660sjc
Boom Lifts,Telescopic,Engine Powered,600 Series,600S,https://www.jlg.com/en/equipment/boom-lifts/telescopic/engine-powered/600-series/600s
Boom Lifts,Telescopic,Engine Powered,600 Series,600S HC3,https://www.jlg.com/en/equipment/boom-lifts/telescopic/engine-powered/600-series/600s-hc3
Boom Lifts,Telescopic,Engine Powered,600 Series,660SJ,https://www.jlg.com/en/equipment/boom-lifts/telescopic/engine-powered/600-series/660sj
Boom Lifts,Telescopic,Engine Powered,600 Series,660SJ HC3,https://www.jlg.com/en/equipment/boom-lifts/telescopic/engine-powered/600-series/660sj-hc3
Boom Lifts,Telescopic,Engine Powered,600 Self-Leveling Series,670SJ,https://www.jlg.com/en/equipment/boom-lifts/telescopic/engine-powered/600-self-leveling-series/670sj
Boom Lifts,Telescopic,Engine Powered,800 Series,800S,https://www.jlg.com/en/equipment/boom-lifts/telescopic/engine-powered/800-series/800s
Boom Lifts,Telescopic,Engine Powered,800 Series,800S HC3,https://www.jlg.com/en/equipment/boom-lifts/telescopic/engine-powered/800-series/800s-hc3
Boom Lifts,Telescopic,Engine Powered,800 Series,860SJ,https://www.jlg.com/en/equipment/boom-lifts/telescopic/engine-powered/800-series/860sj
Boom Lifts,Telescopic,Engine Powered,800 Series,860SJ HC3,https://www.jlg.com/en/equipment/boom-lifts/telescopic/engine-powered/800-series/860sj-hc3
Boom Lifts,Telescopic,Engine Powered,Ultra Series,1200SJP,https://www.jlg.com/en/equipment/boom-lifts/telescopic/engine-powered/ultra-series/1200sjp
Boom Lifts,Telescopic,Engine Powered,Ultra Series,1350SJP,https://www.jlg.com/en/equipment/boom-lifts/telescopic/engine-powered/ultra-series/1350sjp
Boom Lifts,Telescopic,Engine Powered,Ultra Series,1500SJ,https://www.jlg.com/en/equipment/boom-lifts/telescopic/engine-powered/ultra-series/1500sj
Boom Lifts,Telescopic,Engine Powered,Ultra Series,1850SJ,https://www.jlg.com/en/equipment/boom-lifts/telescopic/engine-powered/ultra-series/1850sj
